{
  "features": [
    "income",
    "current_address_months_count",
    "customer_age",
    "zip_count_4w",
    "velocity_6h",
    "velocity_24h",
    "velocity_4w",
    "bank_branch_count_8w",
    "date_of_birth_distinct_emails_4w",
    "credit_risk_score",
    "phone_home_valid",
    "phone_mobile_valid",
    "has_other_cards",
    "proposed_credit_limit",
    "session_length_in_minutes",
    "keep_alive_session",
    "device_distinct_emails_8w",
    "month",
    "email_domain_fraud_rate",
    "country_fraud_rate",
    "limit_income_ratio"
  ],
  "num_features": 21,
  "num_classes": 2,
  "feature_start": 1,
  "scaler_mean": [
    0.594,
    90.51,
    41.4,
    22.03,
    7792.962598595264,
    5980.500988219058,
    6161.11886880141,
    168.4,
    10.06,
    122.84,
    0.53,
    0.88,
    0.26,
    611.0,
    8.179031450737524,
    0.72,
    1.01,
    2.0,
    0.011430318230517655,
    0.011369255566643916,
    1505.4087301587301
  ],
  "scaler_scale": [
    0.26299049412478775,
    89.13186803831725,
    13.785499628232557,
    13.16013297805155,
    3007.191622069258,
    1212.7682658398533,
    569.6304361557374,
    409.3273506620343,
    5.744249298211212,
    72.5569734760209,
    0.49909918853871116,
    0.3249615361854384,
    0.4386342439892262,
    578.2551340022845,
    6.6866346731655915,
    0.44899888641287283,
    0.17291616465790585,
    1.0,
    0.002451240631551981,
    0.004302520941309714,
    2394.0794613311023
  ]
}